FILIAAL_NUM;DATUM;TIJDSTIP;KLANT_NUM;NASA_NUM;OMSCH;INHOUD_AANTAL;EENHEID;CE_AANTAL
2052;07/01/2014;12:14;85;13822;Verse scharreleieren M;10;stuk;1
2052;07/01/2014;12:14;85;105796;Les P Madelaine mais heel;800;gram;1
2052;07/01/2014;12:14;85;508672;Komkommer;1;stuk;1
2052;07/01/2014;12:14;85;526638;Zoete puntpaprika;2;stuk;1
2052;07/01/2014;12:14;85;527800;Cap Sork gerookte zalmfilet;200;gram;1
2052;07/01/2014;12:14;85;534666;Tonijn moot olijfolie;160;gram;1
2052;07/01/2014;12:14;85;570247;Mehrkorn;500;gram;1
2052;07/01/2014;12:14;85;586609;Trostomaten;5;stuk;1
2052;07/01/2014;12:14;85;589345;Zonnebloemenpitten roggebrood;500;gram;1
2052;07/01/2014;12:14;85;597702;Avocado;1;stuk;2
2052;07/01/2014;12:14;85;634287;Goudse belegen 30+ pl vvp;1;kilogram;1
2052;07/01/2014;12:14;85;644401;Voordeel verpakking veldsla;150;gram;1
2052;07/01/2014;12:14;85;788899;Stevig meergranen 800gr;800;gram;1
2052;07/01/2014;12:14;85;796815;Gebraden beenham vvm;1;kilogram;1
2052;07/01/2014;12:14;85;807602;hummus 200gram;200;gram;1
2052;07/01/2014;12:14;85;811656;chorizo;1;kilogram;1
2052;05/03/2014;19:58;83;623175;Italian flakes;100;gram;1
2052;05/03/2014;19:58;83;637123;Pizzassimo;400;gram;1
2052;05/03/2014;19:58;83;752361;Prosciutto Crudo;100;gram;1
2052;05/03/2014;19:58;83;803485;Pizzabodem naturel;500;gram;1
2052;05/03/2014;19:58;83;807745;3-in- 1 folie;15;meter;1
2052;13/03/2014;20:06;83;8977;Mienestjes;500;gram;1
2052;13/03/2014;20:06;83;21023;Knoflook;2;stuk;1
2052;13/03/2014;20:06;83;39814;Taug� voordeel;250;gram;1
2052;13/03/2014;20:06;83;88596;Paksoi;1;stuk;1
2052;13/03/2014;20:06;83;101806;Chicken flavour;60;gram;2
2052;13/03/2014;20:06;83;508015;Rietsuiker Carribean Gold 1000g;1;kilogram;1
2052;13/03/2014;20:06;83;508672;Komkommer;1;stuk;1
2052;13/03/2014;20:06;83;526612;Bosui;3;stuk;1
2052;13/03/2014;20:06;83;526615;Rode peper;2;stuk;1
2052;13/03/2014;20:06;83;526617;Verse gember;150;gram;1
2052;13/03/2014;20:06;83;527800;Cap Sork gerookte zalmfilet;200;gram;1
2052;13/03/2014;20:06;83;555634;Rucola;75;gram;1
2052;13/03/2014;20:06;83;561924;Witte wijnazijn;250;milliliter;1
2052;13/03/2014;20:06;83;602895;Bimi;200;gram;2
2052;13/03/2014;20:06;83;611760;Wokolie;500;milliliter;1
2052;13/03/2014;20:06;83;618729;Kroepoek;135;gram;1
2052;13/03/2014;20:06;83;795140;Muesli met fruit;750;gram;1
2052;13/03/2014;20:06;83;795315;Slurp  chardonnay;0,75;liter;1
2052;13/03/2014;20:06;83;797127;Wasabi Bollen;150;gram;1
2052;13/03/2014;20:06;83;800294;zalmfilet 295 gram;295;gram;2
2052;13/03/2014;20:06;83;809327;Noodlesoep sajoer lodeh;260;gram;1
2052;13/03/2014;20:06;83;813330;Rendang padang met pandan rijst;450;gram;1
2052;13/03/2014;20:06;83;813335;Indonesische ayam rica rica met pandan r;450;gram;1
2052;22/11/2014;21:21;90;611315;Tonic 1 lt;1;liter;2
2052;22/03/2015;14:38;50;20960;Bloemkool;1;stuk;1
2052;22/03/2015;14:38;50;43947;Lussendraagtas;1;stuk;1
2052;22/03/2015;14:38;50;106375;Halfvolle melk;1;liter;1
2052;22/03/2015;14:38;50;513978;Bio Broccoli los kg;1;kilogram;1
2052;22/03/2015;14:38;50;792588;Greenfields m rundergehakt;300;gram;2
2052;22/03/2015;14:38;50;804204;Stevig spelt bruin hl;800;gram;1
2052;22/03/2015;14:38;50;807602;hummus 200gram;200;gram;1
2052;22/03/2015;14:38;50;817066;Skipjack Tonijn in water MSC;142;gram;1
2052;22/03/2015;14:38;50;823259;Sardines in olijfolie;120;gram;1
2052;22/03/2015;14:38;50;828176;Snack today worteltjes 70gr;70;gram;1
2052;22/03/2015;14:38;50;829699;B J What a Lotta Chocolate 500ML 8x;500;milliliter;1
2052;04/04/2015;19:20;83;545785;Forel;1;kilogram;1
2052;04/04/2015;19:20;83;627244;Rucola;40;gram;1
2052;04/04/2015;19:20;83;641383;Pijnboompitten;80;gram;1
2052;04/04/2015;19:20;83;754526;Biefstuk;250;gram;1
2052;04/04/2015;19:20;83;761645;Kn.brod muesli fruitcrunch.;200;gram;1
2052;04/04/2015;19:20;83;791532;Zongedroogde tomaten;295;gram;1
2052;04/04/2015;19:20;83;805388;Paassap Bloedsinaasappel 500ml;500;milliliter;1
2052;04/04/2015;19:20;83;812695;ontbijtkoek naturel 550g;550;gram;1
2052;04/04/2015;19:20;83;817384;Babyspinazie 100gr;100;gram;1
2052;04/04/2015;19:20;83;819636;Cremoso met 70  balsamico;215;milliliter;1
2052;03/09/2015;16:14;1;783919;Mini lussendraagtas;500;stuk;1
2052;03/09/2015;16:14;1;795636;Loctite sec lijm 3gr;3;gram;1
2052;03/09/2015;16:14;1;807575;frisse tzaziki 150gram;150;gram;1
2052;03/09/2015;16:14;1;809279;gerookte kip kastanje salade;150;gram;1
2052;03/09/2015;16:14;1;809327;Noodlesoep sajoer lodeh;260;gram;2
2052;03/09/2015;16:14;1;820308;Spelttwister kaas;130;gram;1
2052;03/09/2015;16:14;1;826127;Touche of citroen fl;0,5;liter;1
2052;03/09/2015;16:14;1;830066;Melk chocolade met karamel en zeezout;47;gram;1
2052;03/09/2015;16:14;1;833083;Varta cr2032;2;stuk;1
2052;03/09/2015;16:14;1;835212;Verse doperwten munt soep;345;gram;1
2052;12/09/2015;16:09;83;20932;Nasi bami groente voordeel;450;gram;1
2052;12/09/2015;16:09;83;20961;Broccoli los kg;1;kilogram;1
2052;12/09/2015;16:09;83;32488;Puur hagelslag;400;gram;1
2052;12/09/2015;16:09;83;73840;Espresso;250;gram;1
2052;12/09/2015;16:09;83;558988;Hygienische doekjes;30;each;1
2052;12/09/2015;16:09;83;566075;Friese kruidkoek;425;gram;1
2052;12/09/2015;16:09;83;581971;Lekker op brood;500;gram;1
2052;12/09/2015;16:09;83;628902;Yellow curry Paste;70;gram;1
2052;12/09/2015;16:09;83;808353;Coconut milk;250;milliliter;1
2052;12/09/2015;16:09;83;815834;L P spelt;1;stuk;1
2052;12/09/2015;16:09;83;825042;Zalm sushi s;1;stuk;1
2052;04/10/2015;21:37;86;47196;Biogarde roer;500;gram;1
2052;04/10/2015;21:37;86;640243;-30 kaarslamp helder 18W kf;1;stuk;1
2052;04/10/2015;21:37;86;815475;Honingzoete Vlinder Drop;225;gram;1
2052;04/10/2015;21:37;86;837512;Bottle Green sparkling edelflower;750;milliliter;1
2052;21/11/2015;18:28;83;105724;Leffe blond geschenk fl;0,75;liter;1
2052;21/11/2015;18:28;83;513440;Zoete uien;750;gram;2
2052;21/11/2015;18:28;83;542405;Handsinaasappelen med;2;kilogram;1
2052;21/11/2015;18:28;83;767854;Bananen zak;5;stuk;1
2052;21/11/2015;18:28;83;834569;Petit pains spelt;4;stuk;1
2052;28/12/2015;17:29;43;72965;Magere yoghurt rood fruit;1;liter;1
2052;28/12/2015;17:29;43;794484;Mltsalade marokkaanse kip;450;gram;1
2052;28/12/2015;17:29;43;803486;Pizzeria shoarma;600;gram;1
2052;28/12/2015;17:29;43;813813;Zelfgeperst sinaasappelsap;1000;milliliter;1
2052;28/12/2015;17:29;88;72965;Magere yoghurt rood fruit;1;liter;1
2052;28/12/2015;17:29;88;794484;Mltsalade marokkaanse kip;450;gram;1
2052;28/12/2015;17:29;88;803486;Pizzeria shoarma;600;gram;1
2052;28/12/2015;17:29;88;813813;Zelfgeperst sinaasappelsap;1000;milliliter;1
2056;12/06/2014;16:32;90;800583;CE - Vita coco naturel 330ml;0,33;liter;1
2056;12/06/2014;16:35;90;20864;Granaatappel;1;stuk;2
2056;12/06/2014;16:35;90;45371;Citroen los;1;stuk;1
2056;12/06/2014;16:35;90;80322;Apetina classic blokjes in olie;300;gram;2
2056;12/06/2014;16:35;90;524330;Patak s naanbr. knoflook koriander 280g;280;gram;2
2056;12/06/2014;16:35;90;526603;Basilicum;15;gram;1
2056;12/06/2014;16:35;90;526606;Koriander;15;gram;1
2056;12/06/2014;16:35;90;555634;Rucola;75;gram;1
2056;12/06/2014;16:35;90;558433;Veldsla melange;100;gram;1
2056;12/06/2014;16:35;90;559846;Fourme d ambert 50+ vvp;1;kilogram;1
2056;12/06/2014;16:35;90;581335;Cranberrypate grof;1;kilogram;1
2056;12/06/2014;16:35;90;581973;bak en braad vloeibaar bewust;400;milliliter;1
2056;12/06/2014;16:35;90;592274;Voordeel cherrytomaten;400;gram;1
2056;12/06/2014;16:35;90;593458;Coca cola light 4fl;6;liter;1
2056;12/06/2014;16:35;90;595582;exc spaanse chorizo;175;gram;1
2056;12/06/2014;16:35;90;606802;Spinazie;450;gram;1
2056;12/06/2014;16:35;90;625224;Jambon Serrano;80;gram;3
2056;12/06/2014;16:35;90;635907;Zak saffraan heel;0,05;gram;1
2056;12/06/2014;16:35;90;636033;Zoete aardappelen;1;kilogram;1
2056;12/06/2014;16:35;90;639461;Macadamia s;140;gram;1
2056;12/06/2014;16:35;90;641383;Pijnboompitten;80;gram;1
2056;12/06/2014;16:35;90;644998;Merlot;0,75;liter;4
2056;12/06/2014;16:35;90;646628;Pearl couscous;200;gram;2
2056;12/06/2014;16:35;90;754679;Garnalen in filodeeg;200;gram;2
2056;12/06/2014;16:35;90;754740;PA Yakitori;165;gram;2
2056;12/06/2014;16:35;90;794355;Mild   creamy naturel;750;gram;1
2056;12/06/2014;16:35;90;802931;vvp munt 40gr;40;gram;1
2056;12/06/2014;16:35;90;804269;Pancetta;80;gram;1
2056;12/06/2014;16:35;90;804688;Originele Griekse yoghurt;450;gram;1
2056;12/06/2014;16:35;90;805380;Lactosevrije melk;1;liter;1
2056;12/06/2014;16:35;90;807575;frisse tzaziki 150gram;150;gram;1
2056;12/06/2014;16:35;90;807602;hummus 200gram;200;gram;1
2056;12/06/2014;16:35;90;808452;Pandeajo;160;gram;2
2056;12/06/2014;16:35;90;809016;Aubergine p st;1;stuk;3
2056;12/06/2014;16:35;90;810311;Camden park chardonnay;0,75;liter;4
2062;05/01/2014;14:07;76;20942;Zuurkool naturel;500;gram;1
2062;05/01/2014;14:07;76;21003;Courgette;1;stuk;1
2062;05/01/2014;14:07;76;62346;Gebakken lekkerbek;1;kilogram;1
2062;05/01/2014;14:07;76;63979;Koffiefilters no4 bruin;80;stuk;1
2062;05/01/2014;14:07;76;64121;Perla aroma snelfiltermaling;500;gram;3
2062;05/01/2014;14:07;76;72965;Magere yoghurt rood fruit;1;liter;1
2062;05/01/2014;14:07;76;91082;Italiaanse roerbakmix;400;gram;1
2062;05/01/2014;14:07;76;574912;Goudse belegen 48+ stuk gvp;1;kilogram;1
2062;05/01/2014;14:07;76;583138;Bospeen;1;bos;1
2062;05/01/2014;14:07;76;586011;Spectaculaire slag mousse;200;milliliter;1
2062;05/01/2014;14:07;76;586419;Barbecue minikrieltjes;450;gram;1
2062;05/01/2014;14:07;76;586595;Inlegkruisjes normal air voordeel;60;stuk;1
2062;05/01/2014;14:07;76;596500;Groene salade griekse mix;350;gram;1
2062;05/01/2014;14:07;76;628648;Turkije appel, vijg   dadel;30;gram;1
2062;05/01/2014;14:07;76;630209;Robijn wvz creations Tiarebloem 750ml;30;stuk;1
2062;05/01/2014;14:07;76;634901;Slankie komijn 20+;150;gram;2
2062;05/01/2014;14:07;76;768144;Griekse yoghurt.;500;gram;1
2062;05/01/2014;14:07;76;783945;Berliner leverworst;150;gram;1
2062;05/01/2014;14:07;76;795972;Str triple action plus;30;stuk;1
2062;05/01/2014;14:07;76;804330;Deo roller dermo extral control;50;milliliter;1
2062;05/01/2014;14:07;76;805585;Veluwse rookworst fijn;280;gram;1
2062;05/01/2014;14:07;76;807533;gyrosreepjes 500 gram;500;gram;1
2062;05/01/2014;14:07;76;811110;incontinentieverband normaal 12;12;stuk;1
2062;05/01/2014;14:07;76;812200;Robijn wvz creations Magnolia 750ml 4x;750;milliliter;1
2062;18/01/2014;16:11;76;542251;Sardines in olijfolie;120;gram;2
2062;18/01/2014;16:11;76;607447;Mineraalwater koolzuurhoudend;9;liter;1
2062;18/01/2014;16:11;76;633139;Snoepmix tum tum;350;gram;1
2062;18/01/2014;16:11;76;768632;Rosso vermouth;75;centiliter;3
2062;07/03/2014;13:19;76;537853;Roma tomaten;750;gram;1
2062;07/03/2014;13:19;76;607447;Mineraalwater koolzuurhoudend;9;liter;1
2062;07/03/2014;13:19;76;780751;Dsp 3* Varia Woordenmix;1;stuk;1
2062;07/03/2014;13:19;76;796236;Camembert 45+;250;gram;1
2062;16/03/2014;17:34;76;21012;Champignons;250;gram;1
2062;16/03/2014;17:34;76;23766;Ambachtelijke gerookte ontbijtspek;1;kilogram;1
2062;16/03/2014;17:34;76;27911;Goudband;70;milliliter;2
2062;16/03/2014;17:34;76;32307;ALBERT HEIJN BESCHUIT VOLKOREN;13;stuk;1
2062;16/03/2014;17:34;76;40884;Magere yoghurt aardbei;1;liter;1
2062;16/03/2014;17:34;76;40885;Magere yoghurt perzik;1;liter;1
2062;16/03/2014;17:34;76;75154;Delicata repen puur 100g;100;gram;3
2062;16/03/2014;17:34;76;75541;Yorkham vvm;1;kilogram;2
2062;16/03/2014;17:34;76;88685;Maggi aspergesaus;37;gram;1
2062;16/03/2014;17:34;76;91082;Italiaanse roerbakmix;400;gram;1
2062;16/03/2014;17:34;76;105795;Les Pains Boulogne meergranen heel;800;gram;1
2062;16/03/2014;17:34;76;514848;Ananasstukjes sap;227;gram;1
2062;16/03/2014;17:34;76;515794;Koffiecreamer;486;milliliter;1
2062;16/03/2014;17:34;76;521008;Drink limoen 0 ;1000;milliliter;2
2062;16/03/2014;17:34;76;540177;Magere yoghurt;1;liter;3
2062;16/03/2014;17:34;76;547231;Cracottes volkoren;250;gram;1
2062;16/03/2014;17:34;76;574912;Goudse belegen 48+ stuk gvp;1;kilogram;1
2062;16/03/2014;17:34;76;577585;Pindakaas naturel;600;gram;1
2062;16/03/2014;17:34;76;577713;Taai korstjes;350;gram;1
2062;16/03/2014;17:34;76;582525;Halfvolle melk;1;liter;1
2062;16/03/2014;17:34;76;583565;Maaltijdsalade kip;450;gram;1
2062;16/03/2014;17:34;76;583566;Maaltijdsalade tonijn;450;gram;1
2062;16/03/2014;17:34;76;583615;Krieltjes;600;gram;1
2062;16/03/2014;17:34;76;586609;Trostomaten;5;stuk;1
2062;16/03/2014;17:34;76;587840;Drink mango passievrucht 0 ;1000;milliliter;1
2062;16/03/2014;17:34;76;589895;Multi vitaminidrank;1,5;liter;1
2062;16/03/2014;17:34;76;590597;Hamblokjes;250;gram;1
2062;16/03/2014;17:34;76;591043;Sinaasappel multifruit;1,5;liter;1
2062;16/03/2014;17:34;76;606984;Coca cola zero 4fl;6;liter;1
2062;16/03/2014;17:34;76;607705;Perla extra dark roast pads;36;stuk;2
2062;16/03/2014;17:34;76;634901;Slankie komijn 20+;150;gram;1
2062;16/03/2014;17:34;76;636760;Toiletpapier 3 Laags;8;rol;1
2062;16/03/2014;17:34;76;750061;Multifruit appel peer;1,5;liter;1
2062;16/03/2014;17:34;76;751922;Verk knappertjes;220;gram;1
2062;16/03/2014;17:34;76;761777;Aroma snelfiltermaling;1000;gram;1
2062;16/03/2014;17:34;76;767852;Prei per st;1;stuk;2
2062;16/03/2014;17:34;76;788501;Koekjes;138;gram;1
2062;16/03/2014;17:34;76;788593;Sinaasappel;1;liter;1
2062;16/03/2014;17:34;76;788595;Appelsientje tomatientje;1;liter;2
2062;16/03/2014;17:34;76;788599;Dubbeldrank Sinaasapl Perzik;1;liter;2
2062;16/03/2014;17:34;76;788631;Zwarte bes;1,5;liter;1
2062;16/03/2014;17:34;76;796209;Slankie mosterd 20+;150;gram;1
2062;16/03/2014;17:34;76;812702;volkorenkoek gesn 475g;475;gram;1
2062;16/03/2014;17:34;76;814631;Roosvicee Vruchtenmix;500;milliliter;1
2062;16/05/2014;16:57;76;559177;Earl grey 1 kop thee;40;gram;1
2062;16/05/2014;16:57;76;579238;Perla dark roast koffiepads;36;stuk;1
2062;16/05/2014;16:57;76;593634;Slagerskookworst st;250;gram;1
2062;16/05/2014;16:57;76;607446;Mineraalwater koolzuurhoudend;1,5;liter;2
2062;16/05/2014;16:57;76;628474;Deospray clean pure;150;milliliter;1
2062;16/05/2014;16:57;76;646464;Andrelon shampoo iedere dag 300ml;300;milliliter;1
2062;16/05/2014;16:57;76;757731;Douchegel stress less;500;milliliter;1
2062;16/05/2014;16:57;76;779417;Frisse tonijn salade;175;gram;1
2062;16/05/2014;16:57;76;787039;Zalm salade;175;gram;1
2062;16/05/2014;16:57;76;801870;bodylotion;250;milliliter;1
2062;16/05/2014;16:57;76;806075;ALH leverworst 250G;0,25;kilogram;1
2062;16/05/2014;16:59;76;20872;Bananen;1;kilogram;1
2062;16/05/2014;16:59;76;20954;Witlof;1;kilogram;1
2062;16/05/2014;16:59;76;32488;Puur hagelslag;400;gram;1
2062;16/05/2014;16:59;76;40884;Magere yoghurt aardbei;1;liter;1
2062;16/05/2014;16:59;76;40885;Magere yoghurt perzik;1;liter;1
2062;16/05/2014;16:59;76;75154;Delicata repen puur 100g;100;gram;2
2062;16/05/2014;16:59;76;79639;Finest Selection assorti;250;gram;1
2062;16/05/2014;16:59;76;502942;Thaise roerbakmix;400;gram;1
2062;16/05/2014;16:59;76;505409;Rb Krakelingen;200;gram;1
2062;16/05/2014;16:59;76;517516;Roomboter Amandeltongen;175;gram;1
2062;16/05/2014;16:59;76;531279;Kip gado gado;283;gram;1
2062;16/05/2014;16:59;76;536515;Drink ananas 0 ;1000;milliliter;1
2062;16/05/2014;16:59;76;542683;Pitloze rode druiven 500 gr;500;gram;1
2062;16/05/2014;16:59;76;548401;Mandarijnen;1;kilogram;1
2062;16/05/2014;16:59;76;549733;Kilo tje aardppelen iets kruimig;1;kilogram;1
2062;16/05/2014;16:59;76;574912;Goudse belegen 48+ stuk gvp;1;kilogram;1
2062;16/05/2014;16:59;76;577585;Pindakaas naturel;600;gram;1
2062;16/05/2014;16:59;76;579238;Perla dark roast koffiepads;36;stuk;1
2062;16/05/2014;16:59;76;581972;Bewust light;500;gram;1
2062;16/05/2014;16:59;76;586122;Sinaasappel mild;1,5;liter;1
2062;16/05/2014;16:59;76;599987;Salade ui per bos;1;stuk;1
2062;16/05/2014;16:59;76;602314;Mild appel troebel;1,5;liter;1
2062;16/05/2014;16:59;76;621183;Salmiak sugarfree;75;gram;1
2062;16/05/2014;16:59;76;750063;AS multivitamine exotisch fruit;1,5;liter;1
2062;16/05/2014;16:59;76;752243;Boemboe bami goreng;100;gram;1
2062;16/05/2014;16:59;76;783943;Grillworst;150;gram;1
2062;16/05/2014;16:59;76;788599;Dubbeldrank Sinaasapl Perzik;1;liter;2
2062;16/05/2014;16:59;76;788629;Peer;1,5;liter;1
2062;16/05/2014;16:59;76;788633;AS multivitamientje rood fruit;1,5;liter;1
2062;16/05/2014;16:59;76;789490;Coburger ham;150;gram;1
2062;16/05/2014;16:59;76;798973;Scharrelei 1-ster L;4;stuk;1
2062;16/05/2014;16:59;76;806548;Grolsch lentebok bl;50;centiliter;3
2062;16/05/2014;16:59;76;806959;single volkoren;290;gram;1
2062;16/05/2014;16:59;76;807537;varkensreepjes mager 400 gram;400;gram;1
2062;16/05/2014;16:59;76;812484;Kruidige Gaucho Beef Borrelnootjes;300;gram;1
2062;16/05/2014;16:59;76;816095;Satesaus kant en klaar;100;milliliter;1
2062;16/05/2014;16:59;76;817782;Depend for men shield light 24x12;24;stuk;2
2062;16/05/2014;16:59;76;818191;Jodekoeken roomboter;335;gram;1
2062;11/10/2014;15:32;76;1148;Rode bieten;680;gram;1
2062;11/10/2014;15:32;76;32307;ALBERT HEIJN BESCHUIT VOLKOREN;13;stuk;2
2062;11/10/2014;15:32;76;64120;Perla aroma snelfiltermaling;250;gram;1
2062;11/10/2014;15:32;76;75154;Delicata repen puur 100g;100;gram;2
2062;11/10/2014;15:32;76;75874;Allinson volkoren heel;800;gram;1
2062;11/10/2014;15:32;76;79639;Finest Selection assorti;250;gram;1
2062;11/10/2014;15:32;76;83690;Kidneybonen;400;gram;1
2062;11/10/2014;15:32;76;100746;Gesneden uien voordeel 300 gram;300;gram;1
2062;11/10/2014;15:32;76;519972;Voor de koffie;79;milliliter;3
2062;11/10/2014;15:32;76;540178;Karnemelk;1;liter;1
2062;11/10/2014;15:32;76;542633;Luxe mueslibroodjes;4;stuk;1
2062;11/10/2014;15:32;76;542683;Pitloze rode druiven 500 gr;500;gram;1
2062;11/10/2014;15:32;76;567785;Witte bollen sesam;6;stuk;1
2062;11/10/2014;15:32;76;572516;Kogelbiefstuk 2 stuks;1;kilogram;1
2062;11/10/2014;15:32;76;572587;Worteltjes peultjes;350;gram;1
2062;11/10/2014;15:32;76;573287;Handkerchiefs;150;stuk;1
2062;11/10/2014;15:32;76;579680;Schuurspons hard;6;stuk;1
2062;11/10/2014;15:32;76;581972;Bewust light;500;gram;1
2062;11/10/2014;15:32;76;586122;Sinaasappel mild;1,5;liter;1
2062;11/10/2014;15:32;76;586595;Inlegkruisjes normal air voordeel;60;stuk;1
2062;11/10/2014;15:32;76;598725;Witte vloerkadet;4;stuk;1
2062;11/10/2014;15:32;76;601246;Koekenpan pangafilet tkr;1;kilogram;1
2062;11/10/2014;15:32;76;607705;Perla extra dark roast pads;36;stuk;2
2062;11/10/2014;15:32;76;623880;Zaanse halfvolle mayo;170;milliliter;1
2062;11/10/2014;15:32;76;636760;Toiletpapier 3 Laags;8;rol;1
2062;11/10/2014;15:32;76;637159;Fijne leverworst;500;gram;1
2062;11/10/2014;15:32;76;641057;Opkikker drinkbouillon tuinkruiden;25,9;gram;2
2062;11/10/2014;15:32;76;642832;For men iedere dag shampoo;300;milliliter;2
2062;11/10/2014;15:32;76;751920;Verkade maria;200;gram;1
2062;11/10/2014;15:32;76;761777;Aroma snelfiltermaling;1000;gram;1
2062;11/10/2014;15:32;76;788599;Dubbeldrank Sinaasapl Perzik;1;liter;2
2062;11/10/2014;15:32;76;788629;Peer;1,5;liter;1
2062;11/10/2014;15:32;76;788630;Mango;1,5;liter;1
2062;11/10/2014;15:32;76;788633;AS multivitamientje rood fruit;1,5;liter;2
2062;11/10/2014;15:32;76;793720;De Zaanse Hoeve Oud 48+ plak 250g;250;gram;1
2062;11/10/2014;15:32;76;795915;Oma s opbakaardappeltjes;700;gram;1
2062;11/10/2014;15:32;76;797270;appelkruimelvlaai half 1st;1;stuk;1
2062;11/10/2014;15:32;76;801764;Albert Heijn Coolmint Tandpasta 75 ml;75;milliliter;1
2062;11/10/2014;15:32;76;804328;Dermo deodorant active contr;50;milliliter;1
2062;11/10/2014;15:32;76;806068;Bauernschinken;0,15;kilogram;1
2062;11/10/2014;15:32;76;813837;Kruidkoekrepen;280;gram;1
2062;11/10/2014;15:32;76;817782;Depend for men shield light 24x12;24;stuk;1
2062;11/10/2014;15:32;76;822221;Boederij bewaardoos;1;stuk;1
2062;11/10/2014;15:32;76;824099;Bavaria bokbier fl;30;centiliter;3
2062;03/01/2015;15:09;76;20942;Zuurkool naturel;500;gram;2
2062;03/01/2015;15:09;76;20974;Sperziebonen;1;kilogram;1
2062;03/01/2015;15:09;76;40884;Magere yoghurt aardbei;1;liter;1
2062;03/01/2015;15:09;76;64120;Perla aroma snelfiltermaling;250;gram;1
2062;03/01/2015;15:09;76;64121;Perla aroma snelfiltermaling;500;gram;3
2062;03/01/2015;15:09;76;72965;Magere yoghurt rood fruit;1;liter;1
2062;03/01/2015;15:09;76;98830;Winterglow spices;40;gram;1
2062;03/01/2015;15:09;76;520135;Roodschillige aardappelen iets kruimig;3;kilogram;2
2062;03/01/2015;15:09;76;536515;Drink ananas 0 ;1000;milliliter;1
2062;03/01/2015;15:09;76;537853;Roma tomaten;750;gram;1
2062;03/01/2015;15:09;76;540178;Karnemelk;1;liter;1
2062;03/01/2015;15:09;76;575366;Halfvolle milde yoghurt;1;liter;2
2062;03/01/2015;15:09;76;586595;Inlegkruisjes normal air voordeel;60;stuk;1
2062;03/01/2015;15:09;76;587840;Drink mango passievrucht 0 ;1000;milliliter;1
2062;03/01/2015;15:09;76;590597;Hamblokjes;250;gram;1
2062;03/01/2015;15:09;76;599137;Aardappelpuree;440;gram;1
2062;03/01/2015;15:09;76;626545;Omega 3;500;gram;1
2062;03/01/2015;15:09;76;635912;strooier chili poeder;32;gram;1
2062;03/01/2015;15:09;76;636760;Toiletpapier 3 Laags;8;rol;1
2062;03/01/2015;15:09;76;752390;Siz Mosterd;570;milliliter;1
2062;03/01/2015;15:09;76;767852;Prei per st;1;stuk;2
2062;03/01/2015;15:09;76;779815;Tomaten puree;68;gram;5
2062;03/01/2015;15:09;76;780705;mager rundergehakt 300gr;300;gram;1
2062;03/01/2015;15:09;76;788599;Dubbeldrank Sinaasapl Perzik;1;liter;2
2062;03/01/2015;15:09;76;788629;Peer;1,5;liter;1
2062;03/01/2015;15:09;76;788630;Mango;1,5;liter;1
2062;03/01/2015;15:09;76;790782;Caramelised pear;30;gram;1
2062;03/01/2015;15:09;76;793702;Siz wereldsoep Chinese tomaat;570;milliliter;1
2062;03/01/2015;15:09;76;794880;Les Pains Triomphe licht meergranen half;1;stuk;1
2062;03/01/2015;15:09;76;811934;Sinaasappel;1,5;liter;1
2062;03/01/2015;15:09;76;817782;Depend for men shield light 24x12;24;stuk;2
2062;03/01/2015;15:09;76;820639;Mentos mint 4-pack;152;gram;1
2062;03/01/2015;15:09;76;820758;mosselen op zuur x 12;350;gram;1
2062;18/06/2015;19:57;70;578554;Zilvervlies rijst;1000;gram;1
2062;18/06/2015;19:57;70;583278;Hertog jan pilsener mono 8fl;2;liter;1
2062;18/06/2015;19:57;70;596503;Champignon roerbakmix;400;gram;1
2062;18/06/2015;19:57;70;644608;Java kroepoek;75;gram;1
2062;26/06/2015;16:07;76;102255;Scharreleierkoeken;300;gram;2
2062;26/06/2015;16:07;76;504929;Javawafels;250;gram;2
2062;26/06/2015;16:07;76;606862;Verse scharreleieren XL;10;stuk;1
2062;26/06/2015;16:07;76;607447;Mineraalwater koolzuurhoudend;9;liter;1
2062;26/06/2015;16:07;76;616027;Spritsen roomboter;175;gram;1
2062;26/06/2015;16:07;76;761787;Extra dark roast pads;56;stuk;1
2062;26/06/2015;16:07;76;795807;Kunstgebit kleefpasta duo bescherming;40;gram;1
2062;26/06/2015;16:07;76;830763;Spa citron 100  natuurlijk fl;1,5;liter;2
2062;26/06/2015;16:08;76;539633;Goudse oud 48+ blokjes;200;gram;1
2062;26/06/2015;16:08;76;581336;Ardennerpat�;1;kilogram;1
2062;26/06/2015;16:08;76;797698;Lindemans discovery shiraz;0,75;liter;1
2062;26/06/2015;16:08;76;807596;Seranoham met zachte roomkaas;100;gram;1
2062;26/06/2015;16:08;76;807609;sweet pepper met roomkaas gvp 175gram;175;gram;1
2062;26/06/2015;16:08;76;807656;malse gelderse gekookte worst 175gram;175;gram;1
2062;26/06/2015;16:08;76;813414;Angele syrrose;0,75;liter;1
2062;26/06/2015;16:08;76;819438;Brand zwaar blond 6fl;180;centiliter;1
2064;19/11/2013;94:00:00;65;535677;Echte slagroom;250;gram;1
2064;19/11/2013;94:00:00;65;598964;Appelkruimelvlaai 26cm;1;stuk;1
2064;19/11/2013;94:00:00;65;598966;Kersenraster vlaai;1;stuk;1
2064;19/11/2013;94:00:00;65;807222;Abrikozenvlaai half;1;stuk;1
2064;19/11/2013;94:00:00;65;808706;Vrolijke drop zacht zoet;230;gram;2
2064;23/12/2013;15:48;63;20954;Witlof;1;kilogram;1
2064;23/12/2013;15:48;63;43883;Shii take;100;gram;1
2064;23/12/2013;15:48;63;46072;Paturain Light knoflook en fijne kruiden;125;gram;1
2064;23/12/2013;15:48;63;508203;pistolet meergranen 70g;70;gram;2
2064;23/12/2013;15:48;63;512652;Bio milde magere yoghurt;1;liter;1
2064;23/12/2013;15:48;63;526266;Rucolasla melange;75;gram;1
2064;23/12/2013;15:48;63;535677;Echte slagroom;250;gram;1
2064;23/12/2013;15:48;63;596105;Griekse yoghurt 500g 0 ;500;gram;1
2064;23/12/2013;15:48;63;602895;Bimi;200;gram;1
2064;23/12/2013;15:48;63;779447;Kleinverpakking Achterham klvp;85;gram;1
2064;23/12/2013;15:48;63;800668;Grolsch herfstbok bl;50;centiliter;1
2064;23/12/2013;15:48;63;809035;toastzalm;130;gram;1
2064;23/12/2013;15:48;63;812592;seizoens paddenstoelenmelange 150gr;150;gram;2
2066;21/12/2013;15:31;2;20988;Uien middel;1;kilogram;1
2066;21/12/2013;15:31;2;28612;Frans stokbrood wit;400;gram;3
2066;21/12/2013;15:31;2;63657;Keukenpapier decor;2;rol;1
2066;21/12/2013;15:31;2;80042;Intense rood;1,5;liter;10
2066;21/12/2013;15:31;2;522016;Witte asperges;280;gram;2
2066;21/12/2013;15:31;2;574009;Silverskin onions sweet   sour;320;gram;1
2066;21/12/2013;15:31;2;583264;Extra zacht en extra sterk toiletpapier;16;rol;1
2066;21/12/2013;15:31;2;593457;Coca cola regular 4fl;6;liter;1
2066;21/12/2013;15:31;2;604267;Party croissants;250;gram;1
2066;21/12/2013;15:31;2;624317;Rosties;600;gram;1
2066;21/12/2013;15:31;2;639812;Hazenrugfilet.;1;kilogram;1
2066;21/12/2013;15:31;2;752363;Bacon reepjes;150;gram;1
2066;21/12/2013;15:31;2;761805;Rundvleessalade;1;kilogram;3
2066;21/12/2013;15:31;2;788162;Boeren Achterham vvp;1;kilogram;2
2066;21/12/2013;15:31;2;794923;stokbrood bruin 400gr;400;gram;1
2066;21/12/2013;15:31;2;803993;shoarma groot 850 gram;850;gram;1
2066;21/12/2013;15:31;2;807626;romige knoflooksaus;225;gram;1
2066;21/12/2013;15:31;2;811084;Witte chocolademousse bak;325;gram;1
2066;27/12/2013;19:51;2;11945;Magere melk 0  vet;1;liter;6
2066;27/12/2013;19:51;2;20867;Kiwi groen los kg;1;kilogram;1
2066;27/12/2013;19:51;2;20872;Bananen;1;kilogram;1
2066;27/12/2013;19:51;2;20971;Spruiten;500;gram;1
2066;27/12/2013;19:51;2;45802;CH Vol NL 1,0L;1000;milliliter;4